﻿<?xml version="1.0" encoding="utf-8"?>
<!--Copyright, Microsoft Corporation, All rights reserved.  -->
<Rule Name="CL" PageTemplate="tool" DisplayName="C/C++" SwitchPrefix="/" Order="10" xmlns="http://schemas.microsoft.com/build/2009/properties" xmlns:x="http://schemas.microsoft.com/winfx/2006/xaml" xmlns:sys="clr-namespace:System;assembly=mscorlib">
  <Rule.Categories>
    <Category Name="General" DisplayName="General" />
    <Category Name="Optimization" DisplayName="Optimization" />
    <Category Name="Preprocessor" DisplayName="Preprocessor" />
    <Category Name="Code Generation" DisplayName="Code Generation" />
    <Category Name="Language" DisplayName="Language" />
    <Category Name="Precompiled Headers" DisplayName="Precompiled Headers" />
    <Category Name="Output Files" DisplayName="Output Files" />
    <Category Name="Browse Information" DisplayName="Browse Information" />
    <Category Name="Advanced" DisplayName="Advanced" />
    <Category Name="Command Line" DisplayName="Command Line" Subtype="CommandLine" />
  </Rule.Categories>
  <Rule.DataSource>
    <DataSource Persistence="ProjectFile" ItemType="ClCompile" Label="" HasConfigurationCondition="true" />
  </Rule.DataSource>
  <StringListProperty Subtype="folder" Name="AdditionalIncludeDirectories" DisplayName="Additional Include Directories" Description="Specifies one or more directories to add to the include path; separate with semi-colons if more than one.     (/I[path])" Category="General" Switch="I" F1Keyword="VC.Project.VCCLCompilerTool.AdditionalIncludeDirectories">
  </StringListProperty>
  <StringListProperty Subtype="folder" Name="AdditionalUsingDirectories" DisplayName="Resolve #using References" Description="Specifies one or more directories (separate directory names with a semicolon) to be searched to resolve names passed to a #using directive.  (/AI[path])" Category="General" Switch="AI" F1Keyword="VC.Project.VCCLCompilerTool.AdditionalUsingDirectories">
  </StringListProperty>
  <EnumProperty Name="DebugInformationFormat" DisplayName="Debug Information Format" Description="Specifies the type of debugging information generated by the compiler.  You must also change linker settings appropriately to match.    (/Z7, Zd, /Zi, /ZI)" Category="General" F1Keyword="VC.Project.VCCLCompilerTool.DebugInformationFormat">
    <EnumValue Name="OldStyle" Switch="Z7" DisplayName="C7 compatible" Description="Select the type of debugging information created for your program and whether this information is kept in object (.obj) files or in a program database (PDB).">
    </EnumValue>
    <EnumValue Name="ProgramDatabase" Switch="Zi" DisplayName="Program Database" Description="Produces a program database (PDB) that contains type information and symbolic debugging information for use with the debugger. The symbolic debugging information includes the names and types of variables, as well as functions and line numbers. ">
    </EnumValue>
    <EnumValue Name="EditAndContinue" Switch="ZI" DisplayName="Program Database for Edit And Continue" Description="Produces a program database, as described above, in a format that supports the Edit and Continue feature.">
    </EnumValue>
  </EnumProperty>
  <EnumProperty Name="CompileAsManaged" DisplayName="Common Language RunTime Support" Description="Use the .NET runtime service.  This switch is incompatible with some other switches; see the documentation on the /clr family of switches for details." Category="General" F1Keyword="VC.Project.VCCLCompilerTool.CompileAsManaged">
    <EnumValue Name="false" Switch="" DisplayName="No Common Language RunTime Support" Description="No Common Language RunTime Support">
    </EnumValue>
    <EnumValue Name="true" Switch="clr" DisplayName="Common Language RunTime Support" Description="Creates metadata for your application that can be consumed by other CLR applications, and allows your application to consume types and data in the metadata of other CLR components.">
    </EnumValue>
    <EnumValue Name="Pure" Switch="clr:pure" DisplayName="Pure MSIL Common Language RunTime Support" Description="Produces an MSIL-only output file with no native executable code, although it can contain native types compiled to MSIL.">
    </EnumValue>
    <EnumValue Name="Safe" Switch="clr:safe" DisplayName="Safe MSIL Common Language RunTime Support" Description="Produces an MSIL-only (no native executable code) and verifiable output file.">
    </EnumValue>
    <EnumValue Name="OldSyntax" Switch="clr:oldSyntax" DisplayName="Common Language RunTime Support, Old Syntax" Description="Enables Managed Extensions for C++ syntax, the original Visual C++ syntax for CLR programming.">
    </EnumValue>
  </EnumProperty>
  <BoolProperty ReverseSwitch="nologo-" Name="SuppressStartupBanner" DisplayName="Suppress Startup Banner" Description="Suppresses the display of the sign-on banner when the compiler starts up and display of informational messages during compiling." Category="General" Switch="nologo" F1Keyword="VC.Project.VCCLCompilerTool.SuppressStartupBanner">
  </BoolProperty>
  <EnumProperty Name="WarningLevel" DisplayName="Warning Level" Description="Select how strict you want the compiler to be about code errors.     (/W0 - /W4)" Category="General" F1Keyword="VC.Project.VCCLCompilerTool.WarningLevel">
    <EnumValue Name="TurnOffAllWarnings" Switch="W0" DisplayName="Turn Off All Warnings" Description="Level 0 disables all warnings.">
    </EnumValue>
    <EnumValue Name="Level1" Switch="W1" DisplayName="Level1" Description="Level 1 displays severe warnings. Level 1 is the default warning level at the command line.">
    </EnumValue>
    <EnumValue Name="Level2" Switch="W2" DisplayName="Level2" Description="Level 2 displays all level 1 warnings and warnings less severe than level 1.">
    </EnumValue>
    <EnumValue Name="Level3" Switch="W3" DisplayName="Level3" Description="Level 3 displays all level 2 warnings and all other warnings recommended for production purposes.">
    </EnumValue>
    <EnumValue Name="Level4" Switch="W4" DisplayName="Level4" Description="Level 4 displays all level 3 warnings plus informational warnings, which in most cases can be safely ignored.">
    </EnumValue>
    <EnumValue Name="EnableAllWarnings" Switch="Wall" DisplayName="EnableAllWarnings" Description="Enables all warnings, including those disabled by default.">
    </EnumValue>
  </EnumProperty>
  <BoolProperty ReverseSwitch="WX-" Name="TreatWarningAsError" DisplayName="Treat Warnings As Errors" Description="Treats all compiler warnings as errors. For a new project, it may be best to use /WX in all compilations; resolving all warnings will ensure the fewest possible hard-to-find code defects." Category="General" Switch="WX" F1Keyword="VC.Project.VCCLCompilerTool.WarnAsError">
  </BoolProperty>
  <StringProperty Subtype="folder" Name="TrackerLogDirectory" DisplayName="Tracker Log Directory" Description="Tracker Log Directory." Category="General" IncludeInCommandLine="false" Visible="false">
  </StringProperty>
  <BoolProperty Name="MultiProcessorCompilation" DisplayName="Multi-processor Compilation" Description="Multi-processor Compilation" Category="General" Switch="MP" F1Keyword="VC.Project.VCCLCompilerTool.MultiProcessorCompilation">
    <Argument Property="ProcessorNumber" IsRequired="false" />
  </BoolProperty>
  <IntProperty Name="ProcessorNumber" DisplayName="Number of processors" Description="Number of processors." Category="General" Visible="false">
  </IntProperty>
  <EnumProperty Name="Optimization" DisplayName="Optimization" Description="Select option for code optimization; choose Custom to use specific optimization options.     (/Od, /O1, /O2, /Ox)" Category="Optimization" F1Keyword="VC.Project.VCCLCompilerTool.Optimization">
    <EnumValue Name="Disabled" Switch="Od" DisplayName="Disabled" Description="Disable optimization.">
    </EnumValue>
    <EnumValue Name="MinSpace" Switch="O1" DisplayName="Minimize Size" Description="Equivalent to /Og /Os /Oy /Ob2 /Gs /GF /Gy">
    </EnumValue>
    <EnumValue Name="MaxSpeed" Switch="O2" DisplayName="Maximize Speed" Description="Equivalent to /Og /Oi /Ot /Oy /Ob2 /Gs /GF /Gy">
    </EnumValue>
    <EnumValue Name="Full" Switch="Ox" DisplayName="Full Optimization" Description="Equivalent to /Og /Oi /Ot /Oy /Ob2">
    </EnumValue>
  </EnumProperty>
  <EnumProperty Name="InlineFunctionExpansion" DisplayName="Inline Function Expansion" Description="Select the level of inline function expansion for the build.     (/Ob1, /Ob2)" Category="Optimization" F1Keyword="VC.Project.VCCLCompilerTool.InlineFunctionExpansion">
    <EnumValue Name="Default" Switch="" DisplayName="Default">
    </EnumValue>
    <EnumValue Name="Disabled" Switch="Ob0" DisplayName="Disabled" Description="Disables inline expansion, which is on by default.">
    </EnumValue>
    <EnumValue Name="OnlyExplicitInline" Switch="Ob1" DisplayName="Only __inline" Description="Expands only functions marked as inline, __inline, __forceinline or __inline or, in a C++ member function, defined within a class declaration.">
    </EnumValue>
    <EnumValue Name="AnySuitable" Switch="Ob2" DisplayName="Any Suitable" Description="Expands functions marked as inline or __inline and any other function that the compiler chooses (expansion occurs at the compiler's discretion, often referred to as auto-inlining).">
    </EnumValue>
  </EnumProperty>
  <BoolProperty Name="IntrinsicFunctions" DisplayName="Enable Intrinsic Functions" Description="Enables intrinsic functions.  Using intrinsic functions generates faster, but possibly larger, code.     (/Oi)" Category="Optimization" Switch="Oi" F1Keyword="VC.Project.VCCLCompilerTool.EnableIntrinsicFunctions">
  </BoolProperty>
  <EnumProperty Name="FavorSizeOrSpeed" DisplayName="Favor Size Or Speed" Description="Whether to favor code size or code speed; 'Global Optimization' must be turned on.     (/Ot, /Os)" Category="Optimization" F1Keyword="VC.Project.VCCLCompilerTool.FavorSizeOrSpeed">
    <EnumValue Name="Size" Switch="Os" DisplayName="Favor small code" Description="Favor Small Code. Minimizes the size of EXEs and DLLs by instructing the compiler to favor size over speed.">
    </EnumValue>
    <EnumValue Name="Speed" Switch="Ot" DisplayName="Favor fast code" Description="Favor Fast Code. Maximizes the speed of EXEs and DLLs by instructing the compiler to favor speed over size. (This is the default.) ">
    </EnumValue>
    <EnumValue Name="Neither" Switch="" DisplayName="Neither" Description="No size nor speed optimization.">
    </EnumValue>
  </EnumProperty>
  <BoolProperty ReverseSwitch="Oy-" Name="OmitFramePointers" DisplayName="Omit Frame Pointers" Description="Suppresses creation of frame pointers on the call stack." Category="Optimization" Switch="Oy" F1Keyword="VC.Project.VCCLCompilerTool.OmitFramePointers">
  </BoolProperty>
  <BoolProperty Name="EnableFiberSafeOptimizations" DisplayName="Enable Fiber-Safe Optimizations" Description="Enables memory space optimization when using fibers and thread local storage access.     (/GT)" Category="Optimization" Switch="GT" F1Keyword="VC.Project.VCCLCompilerTool.EnableFiberSafeOptimizations">
  </BoolProperty>
  <BoolProperty Name="WholeProgramOptimization" DisplayName="Whole Program Optimization" Description="Enables cross-module optimizations by delaying code generation to link time; requires that linker option 'Link Time Code Generation' be turned on.     (/GL)" Category="Optimization" Switch="GL" F1Keyword="VC.Project.VCCLWCECompilerTool.WholeProgramOptimization">
  </BoolProperty>
  <StringListProperty Name="PreprocessorDefinitions" DisplayName="Preprocessor Definitions" Description="Defines a preprocessing symbols for your source file." Category="Preprocessor" Switch="D " F1Keyword="VC.Project.VCCLCompilerTool.PreprocessorDefinitions">
  </StringListProperty>
  <StringListProperty Name="UndefinePreprocessorDefinitions" DisplayName="Undefine Preprocessor Definitions" Description="Specifies one or more preprocessor undefines.     (/U[macro])" Category="Preprocessor" Switch="U" F1Keyword="VC.Project.VCCLCompilerTool.UndefinePreprocessorDefinitions">
  </StringListProperty>
  <BoolProperty Name="UndefineAllPreprocessorDefinitions" DisplayName="Undefine All Preprocessor Definitions" Description="Undefine all previously defined preprocessor values.     (/u)" Category="Preprocessor" Switch="u" F1Keyword="VC.Project.VCCLCompilerTool.UndefineAllPreprocessorDefinitions">
  </BoolProperty>
  <BoolProperty Name="IgnoreStandardIncludePath" DisplayName="Ignore Standard Include Paths" Description="Prevents the compiler from searching for include files in directories specified in the INCLUDE environment variables." Category="Preprocessor" Switch="X" F1Keyword="VC.Project.VCCLCompilerTool.IgnoreStandardIncludePath">
  </BoolProperty>
  <BoolProperty Name="PreprocessToFile" DisplayName="Preprocess to a File" Description="Preprocesses C and C++ source files and writes the preprocessed output to a file. This option suppresses compilation, thus it does not produce an .obj file." Category="Preprocessor" Switch="P" F1Keyword="VC.Project.VCCLCompilerTool.GeneratePreprocessedFile">
  </BoolProperty>
  <StringProperty Name="PreprocessOutputPath" DisplayName="Preprocess Output Path" Description="Specify the output path for the preprocesser. The default location is the same as the source file(s)." Category="Preprocessor" Switch="Fi" Visible="false">
  </StringProperty>
  <BoolProperty Name="PreprocessSuppressLineNumbers" DisplayName="Preprocess Suppress Line Numbers" Description="Preprocess without #line directives." Category="Preprocessor" Switch="EP" F1Keyword="VC.Project.VCCLCompilerTool.GeneratePreprocessedFile">
  </BoolProperty>
  <BoolProperty Name="PreprocessKeepComments" DisplayName="Keep Comments" Description="Suppresses comment strip from source code; requires that one of the 'Preprocessing' options be set.     (/C)" Category="Preprocessor" Switch="C" F1Keyword="VC.Project.VCCLCompilerTool.KeepComments">
  </BoolProperty>
  <BoolProperty ReverseSwitch="GF-" Name="StringPooling" DisplayName="Enable String Pooling" Description="Enables the compiler to create a single read-only copy of identical strings in the program image and in memory during execution, resulting in smaller programs, an optimization called string pooling. /O1, /O2, and /ZI  automatically set /GF option. " Category="Code Generation" Switch="GF" F1Keyword="VC.Project.VCCLCompilerTool.StringPooling">
  </BoolProperty>
  <BoolProperty ReverseSwitch="Gm-" Name="MinimalRebuild" DisplayName="Enable Minimal Rebuild" Description="Enables minimal rebuild, which determines whether C++ source files that include changed C++ class definitions (stored in header (.h) files) need to be recompiled." Category="Code Generation" Switch="Gm" F1Keyword="VC.Project.VCCLCompilerTool.MinimalRebuild">
  </BoolProperty>
  <EnumProperty Name="ExceptionHandling" DisplayName="Enable C++ Exceptions" Description="Specifies the model of exception handling to be used by the compiler." Category="Code Generation" F1Keyword="VC.Project.VCCLCompilerTool.ExceptionHandling">
    <EnumValue Name="Async" Switch="EHa" DisplayName="Yes with SEH Exceptions" Description="The exception-handling model that catches asynchronous (structured) and synchronous (C++) exceptions (/EHa)">
    </EnumValue>
    <EnumValue Name="Sync" Switch="EHsc" DisplayName="Yes" Description="The exception-handling model that catches C++ exceptions only and tells the compiler to assume that extern C functions never throw a C++ exception. (/EHsc)">
    </EnumValue>
    <EnumValue Name="SyncCThrow" Switch="EHs" DisplayName="Yes with Extern C functions" Description="The exception-handling model that catches C++ exceptions only and tells the compiler to assume that extern C functions do throw an exception. (/EHs)">
    </EnumValue>
    <EnumValue Name="false" Switch="" DisplayName="No" Description="No exception handling.">
    </EnumValue>
  </EnumProperty>
  <BoolProperty Name="SmallerTypeCheck" DisplayName="Smaller Type Check" Description="Enable checking for conversion to smaller types, incompatible with any optimization type other than debug.     (/RTCc)" Category="Code Generation" Switch="RTCc" F1Keyword="VC.Project.VCCLCompilerTool.SmallerTypeCheck">
  </BoolProperty>
  <EnumProperty Name="BasicRuntimeChecks" DisplayName="Basic Runtime Checks" Description="Perform basic runtime error checks, incompatible with any optimization type other than debug.     (/RTCs, /RTCu, /RTC1)" Category="Code Generation" F1Keyword="VC.Project.VCCLCompilerTool.BasicRuntimeChecks">
    <EnumValue Name="StackFrameRuntimeCheck" Switch="RTCs" DisplayName="Stack Frames" Description="Enables stack frame run-time error checking">
    </EnumValue>
    <EnumValue Name="UninitializedLocalUsageCheck" Switch="RTCu" DisplayName="Uninitialized variables" Description="Reports when a variable is used without having been initialized.">
    </EnumValue>
    <EnumValue Name="EnableFastChecks" Switch="RTC1" DisplayName="Both (/RTC1, equiv. to /RTCsu)" Description="Equivalent of /RTCsu">
    </EnumValue>
    <EnumValue Name="Default" Switch="" DisplayName="Default" Description="Default runtime checks.">
    </EnumValue>
  </EnumProperty>
  <EnumProperty Name="RuntimeLibrary" DisplayName="Runtime Library" Description="Specify runtime library for linking.     (/MT, /MTd, /MD, /MDd)" Category="Code Generation" F1Keyword="VC.Project.VCCLCompilerTool.RuntimeLibrary">
    <EnumValue Name="MultiThreaded" Switch="MT" DisplayName="Multi-threaded" Description="Causes your application to use the multithread, static version of the run-time library.">
    </EnumValue>
    <EnumValue Name="MultiThreadedDebug" Switch="MTd" DisplayName="Multi-threaded Debug" Description="Defines _DEBUG and _MT. This option also causes the compiler to place the library name LIBCMTD.lib into the .obj file so that the linker will use LIBCMTD.lib to resolve external symbols.">
    </EnumValue>
    <EnumValue Name="MultiThreadedDLL" Switch="MD" DisplayName="Multi-threaded DLL" Description="Causes your application to use the multithread- and DLL-specific version of the run-time library. Defines _MT and _DLL and causes the compiler to place the library name MSVCRT.lib into the .obj file.">
    </EnumValue>
    <EnumValue Name="MultiThreadedDebugDLL" Switch="MDd" DisplayName="Multi-threaded Debug DLL" Description="Defines _DEBUG, _MT, and _DLL and causes your application to use the debug multithread- and DLL-specific version of the run-time library. It also causes the compiler to place the library name MSVCRTD.lib into the .obj file.">
    </EnumValue>
  </EnumProperty>
  <EnumProperty Name="StructMemberAlignment" DisplayName="Struct Member Alignment" Description="Specifies 1, 2, 4, or 8-byte boundaries for struct member alignment.     (/Zp[num])" Category="Code Generation" F1Keyword="VC.Project.VCCLCompilerTool.StructMemberAlignment">
    <EnumValue Name="1Byte" Switch="Zp1" DisplayName="1 Byte" Description="Packs structures on 1-byte boundaries. Same as /Zp.">
    </EnumValue>
    <EnumValue Name="2Bytes" Switch="Zp2" DisplayName="2 Bytes" Description="Packs structures on 2-byte boundaries.">
    </EnumValue>
    <EnumValue Name="4Bytes" Switch="Zp4" DisplayName="4 Byte" Description="Packs structures on 4-byte boundaries.">
    </EnumValue>
    <EnumValue Name="8Bytes" Switch="Zp8" DisplayName="8 Bytes" Description="Packs structures on 8-byte boundaries (default).">
    </EnumValue>
    <EnumValue Name="16Bytes" Switch="Zp16" DisplayName="16 Bytes" Description="Packs structures on 16-byte boundaries.">
    </EnumValue>
    <EnumValue Name="Default" Switch="" DisplayName="Default" Description="Default alignment settings.">
    </EnumValue>
  </EnumProperty>
  <BoolProperty ReverseSwitch="GS-" Name="BufferSecurityCheck" DisplayName="Buffer Security Check" Description="Check for buffer overruns; useful for closing hackable loopholes on internet servers.  The default is enabled.     (/GS-)" Category="Code Generation" Switch="GS" F1Keyword="VC.Project.VCCLCompilerTool.BufferSecurityCheck">
  </BoolProperty>
  <BoolProperty ReverseSwitch="Gy-" Name="FunctionLevelLinking" DisplayName="Enable Function-Level Linking" Description="Allows the compiler to package individual functions in the form of packaged functions (COMDATs). Required for edit and continue to work.     (/Gy)" Category="Code Generation" Switch="Gy" F1Keyword="VC.Project.VCCLCompilerTool.EnableFunctionLevelLinking">
  </BoolProperty>
  <EnumProperty Name="EnableEnhancedInstructionSet" DisplayName="Enable Enhanced Instruction Set" Description="Enable use of instructions found on processors that support enhanced instruction sets, e.g., the SSE and SSE2 enhancements to the IA-32. Currently only available when building for the x86 architecture.   (/arch:SSE, /arch:SSE2)" Category="Code Generation" F1Keyword="VC.Project.VCCLCompilerTool.EnableEnhancedInstructionSet">
    <EnumValue Name="StreamingSIMDExtensions" Switch="arch:SSE" DisplayName="Streaming SIMD Extensions (/arch:SSE)" Description="Streaming SIMD Extensions (/arch:SSE)">
    </EnumValue>
    <EnumValue Name="StreamingSIMDExtensions2" Switch="arch:SSE2" DisplayName="Streaming SIMD Extensions 2 (/arch:SSE2)" Description="Streaming SIMD Extensions 2 (/arch:SSE2)">
    </EnumValue>
    <EnumValue Name="NotSet" Switch="" DisplayName="Not Set" Description="Not Set.">
    </EnumValue>
  </EnumProperty>
  <EnumProperty Name="FloatingPointModel" DisplayName="Floating Point Model" Description="Sets the floating point model.     (/fp:precise, /fp:strict, /fp:fast)" Category="Code Generation" F1Keyword="VC.Project.VCCLCompilerTool.floatingPointModel">
    <EnumValue Name="Precise" Switch="fp:precise" DisplayName="Precise" Description="Default. Improves the consistency of floating-point tests for equality and inequality.">
    </EnumValue>
    <EnumValue Name="Strict" Switch="fp:strict" DisplayName="Strict" Description="The strictest floating-point model. /fp:strict causes fp_contract to be OFF and fenv_access to be ON. /fp:except is implied and can be disabled by explicitly specifying /fp:except-. When used with /fp:except-, /fp:strict enforces strict floating-point semantics but without respect for exceptional events.">
    </EnumValue>
    <EnumValue Name="Fast" Switch="fp:fast" DisplayName="Fast" Description="Creates the fastest code in the majority of cases. ">
    </EnumValue>
  </EnumProperty>
  <BoolProperty ReverseSwitch="fp:except-" Name="FloatingPointExceptions" DisplayName="Enable Floating Point Exceptions" Description="Reliable floating-point exception model. Exceptions will be raised immediately after they are triggered.      (/fp:except)" Category="Code Generation" Switch="fp:except" F1Keyword="VC.Project.VCCLCompilerTool.FloatingPointExceptions">
  </BoolProperty>
  <BoolProperty Name="CreateHotpatchableImage" DisplayName="Create Hotpatchable Image" Description="When hotpatching is on, the compiler ensures that first instruction of each function is two bytes, which is required for hot patching.  (/hotpatch)" Category="Code Generation" Switch="hotpatch" F1Keyword="VC.Project.VCCLCompilerTool.CreateHotpatchableImage">
  </BoolProperty>
  <BoolProperty Name="DisableLanguageExtensions" DisplayName="Disable Language Extensions" Description="Suppresses or enables language extensions.     (/Za)" Category="Language" Switch="Za" F1Keyword="VC.Project.VCCLCompilerTool.DisableLanguageExtensions">
  </BoolProperty>
  <BoolProperty ReverseSwitch="Zc:wchar_t-" Name="TreatWChar_tAsBuiltInType" DisplayName="Treat WChar_t As Built in Type" Description="When specified, the type wchar_t becomes a native type that maps to __wchar_t in the same way that short maps to __int16. /Zc:wchar_t is on by default." Category="Language" Switch="Zc:wchar_t" F1Keyword="VC.Project.VCCLCompilerTool.TreatWChar_tAsBuiltInType">
  </BoolProperty>
  <BoolProperty ReverseSwitch="Zc:forScope-" Name="ForceConformanceInForLoopScope" DisplayName="Force Conformance in For Loop Scope" Description="Used to implement standard C++ behavior for the for statement loops with Microsoft extensions (/Za, /Ze (Disable Language Extensions)). /Zc:forScope is on by default." Category="Language" Switch="Zc:forScope" F1Keyword="VC.Project.VCCLCompilerTool.ForceConformanceInForLoopScope">
  </BoolProperty>
  <BoolProperty ReverseSwitch="GR-" Name="RuntimeTypeInfo" DisplayName="Enable Run-Time Type Information" Description="Adds code for checking C++ object types at run time (runtime type information).     (/GR, /GR-)" Category="Language" Switch="GR" F1Keyword="VC.Project.VCCLCompilerTool.RuntimeTypeInfo">
  </BoolProperty>
  <BoolProperty ReverseSwitch="openmp-" Name="OpenMPSupport" DisplayName="Open MP Support" Description="Enable OpenMP 2.0 language extensions.     (/openmp)" Category="Language" Switch="openmp" F1Keyword="VC.Project.VCCLCompilerTool.OpenMP">
  </BoolProperty>
  <EnumProperty Name="PrecompiledHeader" DisplayName="Precompiled Header" Description="Create/Use Precompiled Header : Enables creation or use of a precompiled header during the build.     (/Yc, /Yu)" Category="Precompiled Headers" F1Keyword="VC.Project.VCCLCompilerTool.UsePrecompiledHeader">
    <EnumValue Name="Create" Switch="Yc" DisplayName="Create" Description="Instructs the compiler to create a precompiled header (.pch) file that represents the state of compilation at a certain point.">
      <Argument Property="PrecompiledHeaderFile" IsRequired="false" />
    </EnumValue>
    <EnumValue Name="Use" Switch="Yu" DisplayName="Use" Description="Instructs the compiler to use an existing precompiled header (.pch) file in the current compilation.">
      <Argument Property="PrecompiledHeaderFile" IsRequired="false" />
    </EnumValue>
    <EnumValue Name="NotUsing" Switch="" DisplayName="Not Using Precompiled Headers" Description="Not using precompiled headers. ">
    </EnumValue>
  </EnumProperty>
  <StringProperty Subtype="file" Name="PrecompiledHeaderFile" DisplayName="Precompiled Header File" Description="Specifies header file name to use when creating or using a precompiled header file. (/Yc[name], /Yu[name])" Category="Precompiled Headers" F1Keyword="VC.Project.VCCLCompilerTool.PrecompiledHeaderThrough">
  </StringProperty>
  <StringProperty Subtype="file" Name="PrecompiledHeaderOutputFile" DisplayName="Precompiled Header Output File" Description="Specifies the path and/or name of the generated precompiled header file. (/Fp[name])" Category="Precompiled Headers" Switch="Fp" F1Keyword="VC.Project.VCCLCompilerTool.PrecompiledHeaderFile">
  </StringProperty>
  <BoolProperty Name="ExpandAttributedSource" DisplayName="Expand Attributed Source" Description="Create listing file with expanded attributes injected into source file.     (/Fx)" Category="Output Files" Switch="Fx" F1Keyword="VC.Project.VCCLCompilerTool.ExpandAttributedSource">
  </BoolProperty>
  <EnumProperty Name="AssemblerOutput" DisplayName="Assembler Output" Description="Specifies the contents of assembly language output file.     (/FA, /FAc, /FAs, /FAcs)" Category="Output Files" F1Keyword="VC.Project.VCCLCompilerTool.AssemblerOutput">
    <EnumValue Name="NoListing" Switch="" DisplayName="No Listing" Description="No listing. ">
    </EnumValue>
    <EnumValue Name="AssemblyCode" Switch="FA" DisplayName="Assembly-Only Listing" Description="Assembly code; .asm">
    </EnumValue>
    <EnumValue Name="AssemblyAndMachineCode" Switch="FAc" DisplayName="Assembly With Machine Code" Description="Machine and assembly code; .cod">
    </EnumValue>
    <EnumValue Name="AssemblyAndSourceCode" Switch="FAs" DisplayName="Assembly With Source Code" Description="Source and assembly code; .asm">
    </EnumValue>
    <EnumValue Name="All" Switch="FAcs" DisplayName="Assembly, Machine Code and Source" Description="Assembly, machine code and source code; .cod">
    </EnumValue>
  </EnumProperty>
  <StringProperty Subtype="file" Name="AssemblerListingLocation" DisplayName="ASM List Location" Description="Specifies relative path and/or name for ASM listing file; can be file or directory name.     (/Fa[name])" Category="Output Files" Switch="Fa" F1Keyword="VC.Project.VCCLCompilerTool.AssemblerListingLocation">
  </StringProperty>
  <StringProperty Subtype="file" Name="ObjectFileName" DisplayName="Object File Name" Description="Specifies a name to override the default object file name; can be file or directory name.     (/Fo[name])" Category="Output Files" Switch="Fo" F1Keyword="VC.Project.VCCLCompilerTool.ObjectFile">
  </StringProperty>
  <StringProperty Subtype="file" Name="ProgramDataBaseFileName" DisplayName="Program Database File Name" Description="Specifies a name for a compiler-generated PDB file; also specifies base name for the required compiler-generated IDB file; can be file or directory name.     (/Fd[name])" Category="Output Files" Switch="Fd" F1Keyword="VC.Project.VCCLCompilerTool.ProgramDataBaseFileName">
  </StringProperty>
  <BoolProperty Name="GenerateXMLDocumentationFiles" DisplayName="Generate XML Documentation Files" Description="Specifies that the compiler should generate XML documentation comment files (.XDC).     (/doc)" Category="Output Files" Switch="doc" F1Keyword="VC.Project.VCCLCompilerTool.GenerateXMLDocumentationFiles">
    <Argument Property="XMLDocumentationFileName" IsRequired="false" />
  </BoolProperty>
  <StringProperty Subtype="file" Name="XMLDocumentationFileName" DisplayName="XML Documentation File Name" Description="Specifies the name of the generated XML documentation files; can be file or directory name.     (/doc[name])" Category="Output Files" F1Keyword="VC.Project.VCCLCompilerTool.XMLDocumentationFileName">
  </StringProperty>
  <BoolProperty Name="BrowseInformation" DisplayName="Enable Browse Information" Description="Enable Browse Information : Specifies level of browse information in .bsc file.     (/FR)" Category="Browse Information" Switch="FR" F1Keyword="VC.Project.VCCLCompilerTool.BrowseInformation">
    <Argument Property="BrowseInformationFile" IsRequired="false" />
  </BoolProperty>
  <StringProperty Subtype="file" Name="BrowseInformationFile" DisplayName="Browse Information File" Description="Browse File : Specifies optional name for browser information file.     (/FR[name])" Category="Browse Information" F1Keyword="VC.Project.VCCLCompilerTool.BrowseInformationFile">
  </StringProperty>
  <EnumProperty Name="CallingConvention" DisplayName="Calling Convention" Description="Select the default calling convention for your application (can be overridden by function).     (/Gd, /Gr, /Gz)" Category="Advanced" F1Keyword="VC.Project.VCCLCompilerTool.CallingConvention">
    <EnumValue Name="Cdecl" Switch="Gd" DisplayName="__cdecl" Description="Specifies the __cdecl calling convention for all functions except C++ member functions and functions marked __stdcall or __fastcall.">
    </EnumValue>
    <EnumValue Name="FastCall" Switch="Gr" DisplayName="__fastcall" Description="Specifies the __fastcall calling convention for all functions except C++ member sfunctions and functions marked __cdecl or __stdcall. All __fastcall functions must have prototypes.">
    </EnumValue>
    <EnumValue Name="StdCall" Switch="Gz" DisplayName="__stdcall" Description="Specifies the __stdcall calling convention for all functions except C++ member functions and functions marked __cdecl or __fastcall. All __stdcall functions must have prototypes.">
    </EnumValue>
  </EnumProperty>
  <EnumProperty Name="CompileAs" DisplayName="Compile As" Description="Select compile language option for .c and .cpp files.     (/TC, /TP)" Category="Advanced" F1Keyword="VC.Project.VCCLCompilerTool.CompileAs">
    <EnumValue Name="Default" Switch="" DisplayName="Default" Description="Default.">
    </EnumValue>
    <EnumValue Name="CompileAsC" Switch="TC" DisplayName="Compile as C Code" Description="Compile as C Code">
    </EnumValue>
    <EnumValue Name="CompileAsCpp" Switch="TP" DisplayName="Compile as C++ Code" Description="Compile as C++ Code">
    </EnumValue>
  </EnumProperty>
  <StringListProperty Name="DisableSpecificWarnings" DisplayName="Disable Specific Warnings" Description="Disable the desired warning numbers; put numbers in a semi-colon delimited list.     (/wd[num])" Category="Advanced" Switch="wd" F1Keyword="VC.Project.VCCLCompilerTool.DisableSpecificWarnings">
  </StringListProperty>
  <StringListProperty Subtype="file" Name="ForcedIncludeFiles" DisplayName="Forced Include File" Description="one or more forced include files.     (/FI[name])" Category="Advanced" Switch="FI" F1Keyword="VC.Project.VCCLCompilerTool.ForcedIncludeFiles">
  </StringListProperty>
  <StringListProperty Subtype="file" Name="ForcedUsingFiles" DisplayName="Forced #using File" Description="Specifies one or more forced #using files.     (/FU[name])" Category="Advanced" Switch="FU" F1Keyword="VC.Project.VCCLCompilerTool.ForcedUsingFiles">
  </StringListProperty>
  <BoolProperty Name="ShowIncludes" DisplayName="Show Includes" Description="Generates a list of include files with compiler output.     (/showIncludes)" Category="Advanced" Switch="showIncludes" F1Keyword="VC.Project.VCCLCompilerTool.ShowIncludes">
  </BoolProperty>
  <BoolProperty ReverseSwitch="analyze-" Name="EnablePREfast" DisplayName="Enable Code Analysis" Description="Enables code analysis functionality that identifies common coding defects in C/C++ code.     (/analyze)" Category="Advanced" Switch="analyze" Visible="false" F1Keyword="VC.Project.VCCLCompilerTool.EnablePREfast">
  </BoolProperty>
  <BoolProperty Name="UseFullPaths" DisplayName="Use Full Paths" Description="Use full paths in diagnostic messages.     (/FC)" Category="Advanced" Switch="FC" F1Keyword="VC.Project.VCCLCompilerTool.UseFullPaths">
  </BoolProperty>
  <BoolProperty Name="OmitDefaultLibName" DisplayName="Omit Default Library Name" Description="Do not include default library names in .obj files.     (/Zl)" Category="Advanced" Switch="Zl" F1Keyword="VC.Project.VCCLCompilerTool.OmitDefaultLibName">
  </BoolProperty>
  <EnumProperty Name="ErrorReporting" DisplayName="Internal Compiler Error Reporting" Description="Specifies how internal tool errors should be reported back to Microsoft.  The default in the IDE is prompt.  The default from command line builds is queue.     (/errorReport:[method])" Category="Advanced" F1Keyword="VC.Project.VCCLCompilerTool.ErrorReporting">
    <EnumValue Name="None" Switch="errorReport:none" DisplayName="Do Not Send Report" Description="Reports about internal compiler errors will not be collected or sent to Microsoft.">
    </EnumValue>
    <EnumValue Name="Prompt" Switch="errorReport:prompt" DisplayName="Prompt Immediately" Description="Prompts you to send a report when you receive an internal compiler error.">
    </EnumValue>
    <EnumValue Name="Queue" Switch="errorReport:queue" DisplayName="Queue For Next Login" Description="Queues the error report. When you log in with administrator privileges, a pop-up window is displayed and allows you to report any failures since the last time you were logged in (you will not be prompted to send reports for failures more than once every three days). queue is the default when compiling an application at the command line.">
    </EnumValue>
    <EnumValue Name="Send" Switch="errorReport:send" DisplayName="Send Automatically" Description="Automatically sends reports of internal compiler errors to Microsoft. To enable this option, you must first agree to Microsoft%27s data collection policy. The first time you specify /errorReport:send on a computer, a compiler message will refer you to a website that contains Microsoft%27s data collection policy.">
    </EnumValue>
  </EnumProperty>
  <StringListProperty Name="TreatSpecificWarningsAsErrors" DisplayName="Treat Specific Warnings As Errors" Description="Treats the specific compiler warning as an error where n is a compiler warning." Category="Advanced" Switch="we" F1Keyword="VC.Project.VCCLCompilerTool.TreatSpecificWarningsAsErrors">
  </StringListProperty>
  <BoolProperty Name="UseUnicodeForAssemblerListing" DisplayName="Use Unicode For Assembler Listing" Description="Causes the output file to be created in UTF-8 format. " Switch="FAu" F1Keyword="VC.Project.VCCLCompilerTool.UseUnicodeForAssemblerListing">
  </BoolProperty>
  <StringProperty Name="AdditionalOptions" DisplayName="Additional Options" Description="Additional Options" Category="Command Line" F1Keyword="vc.project.AdditionalOptionsPage">
  </StringProperty>
  <BoolProperty Name="BuildingInIDE" Visible="false">
  </BoolProperty>
</Rule>