﻿<?xml version="1.0" encoding="utf-8"?>
<!--Copyright, Microsoft Corporation, All rights reserved.-->
<Rule Name="ConfigurationCustomBuildTool" 
      DisplayName="Custom Build Tool" 
      Order="110" 
      PageTemplate="tool"
      xmlns="http://schemas.microsoft.com/build/2009/properties">
  <Rule.DataSource>
    <DataSource Persistence="ProjectFile" ItemType="CustomBuild" HasConfigurationCondition="true"  />
  </Rule.DataSource>
  <Rule.Categories>
    <Category Name="General" DisplayName="General" Description="General" />
  </Rule.Categories>
  <StringProperty Name="Command" Category="General" DisplayName="Command Line" Description="Specifies a command line for the custom build tool." F1Keyword="VC.Project.VCCustomBuildTool.Command" >
    <StringProperty.ValueEditors>
      <ValueEditor EditorType="DefaultCommandPropertyEditor" DisplayName="&lt;Edit...&gt;"/>
    </StringProperty.ValueEditors>
  </StringProperty>
  <StringProperty Name="Message" Category="General" DisplayName="Description" Description="Specifies a description for the custom build tool." F1Keyword="VC.Project.VCCustomBuildTool.Message" />
  <StringListProperty Name="Outputs" Category="General" DisplayName="Outputs" Description="Specifies the output files the custom build tool generates." F1Keyword="VC.Project.VCCustomBuildTool.Outputs" />
  <StringListProperty Name="AdditionalInputs" Category="General" DisplayName="Additional Dependencies" Description="Specifies any additional input files to use for the custom build tool." F1Keyword="VC.Project.VCCustomBuildTool.AdditionalInputs" />
  <StringListProperty Name="CustomBuildToolAfterTargets" Category="General" DisplayName="Execute After" F1Keyword="VC.Project.VCCustomBuildTool.CustomBuildToolAfterTargets" ReadOnly="true"
                      Description="Specifies the targets for the custom build tool to run after.  This is always the same as the Custom Build Step and must be set there.">
    <StringListProperty.DataSource>
      <DataSource Persistence="ProjectFile" HasConfigurationCondition="true" ItemType="" />
    </StringListProperty.DataSource>
  </StringListProperty>
  <StringListProperty Name="CustomBuildToolBeforeTargets" Category="General" DisplayName="Execute Before" F1Keyword="VC.Project.VCCustomBuildTool.CustomBuildToolBeforeTargets" ReadOnly="true"
                      Description="Specifies the targets for the custom build tool to run before.  This is always the same as the Custom Build Step and must be set there.">
    <StringListProperty.DataSource>
      <DataSource Persistence="ProjectFile" HasConfigurationCondition="true" ItemType="" />
    </StringListProperty.DataSource>
  </StringListProperty>
</Rule>
